<component name="ArtifactManager">
  <artifact type="exploded-war" name="Equipment:war exploded">
    <output-path>$PROJECT_DIR$/out/artifacts/Equipment_war_exploded</output-path>
    <root id="root">
      <element id="directory" name="WEB-INF">
        <element id="directory" name="classes">
          <element id="module-output" name="Equipment" />
        </element>
        <element id="directory" name="lib">
          <element id="library" level="module" name="ant-1.9.6.jar" module-name="Equipment" />
          <element id="library" level="module" name="ant-launcher-1.9.6.jar" module-name="Equipment" />
          <element id="library" level="module" name="aopalliance.jar" module-name="Equipment" />
          <element id="library" level="module" name="asm-5.0.4.jar" module-name="Equipment" />
          <element id="library" level="module" name="aspectjrt.jar" module-name="Equipment" />
          <element id="library" level="module" name="aspectjtools.jar" module-name="Equipment" />
          <element id="library" level="module" name="aspectjweaver.jar" module-name="Equipment" />
          <element id="library" level="module" name="c3p0-0.9.2.1.jar" module-name="Equipment" />
          <element id="library" level="module" name="cglib-3.2.2.jar" module-name="Equipment" />
          <element id="library" level="module" name="commons-fileupload-1.3.1.jar" module-name="Equipment" />
          <element id="library" level="module" name="commons-io-2.4.jar" module-name="Equipment" />
          <element id="library" level="module" name="commons-logging-1.2.jar" module-name="Equipment" />
          <element id="library" level="module" name="hibernate-c3p0-4.3.5.Final.jar" module-name="Equipment" />
          <element id="library" level="module" name="javassist-3.20.0-GA.jar" module-name="Equipment" />
          <element id="library" level="module" name="javax.servlet.jsp.jstl-1.2.1.jar" module-name="Equipment" />
          <element id="library" level="module" name="javax.servlet.jsp.jstl-api-1.2.1.jar" module-name="Equipment" />
          <element id="library" level="module" name="log4j-1.2.17.jar" module-name="Equipment" />
          <element id="library" level="module" name="log4j-api-2.3.jar" module-name="Equipment" />
          <element id="library" level="module" name="log4j-core-2.3.jar" module-name="Equipment" />
          <element id="library" level="module" name="mchange-commons-java-0.2.3.4.jar" module-name="Equipment" />
          <element id="library" level="module" name="mybatis-3.4.1.jar" module-name="Equipment" />
          <element id="library" level="module" name="mybatis-spring-1.3.0.jar" module-name="Equipment" />
          <element id="library" level="module" name="mysql-connector-java-5.1.30.jar" module-name="Equipment" />
          <element id="library" level="module" name="ognl-3.1.8.jar" module-name="Equipment" />
          <element id="library" level="module" name="org.aspectj.matcher.jar" module-name="Equipment" />
          <element id="library" level="module" name="slf4j-api-1.7.21.jar" module-name="Equipment" />
          <element id="library" level="module" name="slf4j-log4j12-1.7.21.jar" module-name="Equipment" />
          <element id="library" level="module" name="spring-aop-4.2.0.RELEASE.jar" module-name="Equipment" />
          <element id="library" level="module" name="spring-aspects-4.2.0.RELEASE.jar" module-name="Equipment" />
          <element id="library" level="module" name="spring-beans-4.2.0.RELEASE.jar" module-name="Equipment" />
          <element id="library" level="module" name="spring-context-4.2.0.RELEASE.jar" module-name="Equipment" />
          <element id="library" level="module" name="spring-context-support-4.2.0.RELEASE.jar" module-name="Equipment" />
          <element id="library" level="module" name="spring-core-4.2.0.RELEASE.jar" module-name="Equipment" />
          <element id="library" level="module" name="spring-expression-4.2.0.RELEASE.jar" module-name="Equipment" />
          <element id="library" level="module" name="spring-instrument-4.2.0.RELEASE.jar" module-name="Equipment" />
          <element id="library" level="module" name="spring-instrument-tomcat-4.2.0.RELEASE.jar" module-name="Equipment" />
          <element id="library" level="module" name="spring-jdbc-4.2.0.RELEASE.jar" module-name="Equipment" />
          <element id="library" level="module" name="spring-jms-4.2.0.RELEASE.jar" module-name="Equipment" />
          <element id="library" level="module" name="spring-messaging-4.2.0.RELEASE.jar" module-name="Equipment" />
          <element id="library" level="module" name="spring-orm-4.2.0.RELEASE.jar" module-name="Equipment" />
          <element id="library" level="module" name="spring-oxm-4.2.0.RELEASE.jar" module-name="Equipment" />
          <element id="library" level="module" name="spring-test-4.2.0.RELEASE.jar" module-name="Equipment" />
          <element id="library" level="module" name="spring-tx-4.2.0.RELEASE.jar" module-name="Equipment" />
          <element id="library" level="module" name="spring-web-4.2.0.RELEASE.jar" module-name="Equipment" />
          <element id="library" level="module" name="spring-webmvc-4.2.0.RELEASE.jar" module-name="Equipment" />
          <element id="library" level="module" name="spring-webmvc-portlet-4.2.0.RELEASE.jar" module-name="Equipment" />
          <element id="library" level="module" name="spring-websocket-4.2.0.RELEASE.jar" module-name="Equipment" />
        </element>
      </element>
      <element id="javaee-facet-resources" facet="Equipment/web/Web" />
    </root>
  </artifact>
</component>