<?xml version="1.0" encoding="UTF-8"?>
<project version="4">
  <component name="ArtifactsWorkspaceSettings">
    <artifacts-to-build>
      <artifact name="Equipment:war exploded" />
    </artifacts-to-build>
  </component>
  <component name="ChangeListManager">
    <list default="true" id="ffd14b4a-f07c-41b1-a451-a30df6e8928b" name="Default Changelist" comment="" />
    <option name="SHOW_DIALOG" value="false" />
    <option name="HIGHLIGHT_CONFLICTS" value="true" />
    <option name="HIGHLIGHT_NON_ACTIVE_CHANGELIST" value="false" />
    <option name="LAST_RESOLUTION" value="IGNORE" />
  </component>
  <component name="Git.Settings">
    <option name="ROOT_SYNC" value="DONT_SYNC" />
  </component>
  <component name="LogFilters">
    <option name="FILTER_ERRORS" value="false" />
    <option name="FILTER_WARNINGS" value="false" />
    <option name="FILTER_INFO" value="true" />
    <option name="FILTER_DEBUG" value="true" />
    <option name="CUSTOM_FILTER" />
  </component>
  <component name="MavenImportPreferences">
    <option name="generalSettings">
      <MavenGeneralSettings>
        <option name="localRepository" value="D:\IT\install_dir\mave_repository" />
        <option name="mavenHome" value="D:\IT\install_dir\apache-maven-3.6.0" />
        <option name="userSettingsFile" value="D:\IT\install_dir\apache-maven-3.6.0\conf\settings.xml" />
      </MavenGeneralSettings>
    </option>
  </component>
  <component name="ProjectId" id="2Q5iBIHRujqZir2pmNl6O0R4Nll" />
  <component name="ProjectViewState">
    <option name="hideEmptyMiddlePackages" value="true" />
    <option name="showLibraryContents" value="true" />
  </component>
  <component name="PropertiesComponent">
    <property name="RunOnceActivity.OpenProjectViewOnStart" value="true" />
    <property name="RunOnceActivity.ShowReadmeOnStart" value="true" />
    <property name="WebServerToolWindowFactoryState" value="false" />
    <property name="aspect.path.notification.shown" value="true" />
    <property name="last_opened_file_path" value="$PROJECT_DIR$" />
    <property name="nodejs_interpreter_path.stuck_in_default_project" value="undefined stuck path" />
    <property name="nodejs_npm_path_reset_for_default_project" value="true" />
    <property name="project.structure.last.edited" value="Project" />
    <property name="project.structure.proportion" value="0.15" />
    <property name="project.structure.side.proportion" value="0.2" />
    <property name="settings.editor.selected.configurable" value="reference.projectsettings.compiler.javacompiler" />
  </component>
  <component name="RunManager">
    <configuration default="true" type="ArquillianJUnit" factoryName="" nameIsGenerated="true">
      <option name="arquillianRunConfiguration">
        <value>
          <option name="containerStateName" value="" />
        </value>
      </option>
      <option name="TEST_OBJECT" value="class" />
      <method v="2">
        <option name="Make" enabled="true" />
      </method>
    </configuration>
    <configuration name="Tomcat 8.5.68" type="#com.intellij.j2ee.web.tomcat.TomcatRunConfigurationFactory" factoryName="Local" APPLICATION_SERVER_NAME="Tomcat 8.5.68" ALTERNATIVE_JRE_ENABLED="false" nameIsGenerated="true">
      <option name="UPDATING_POLICY" value="restart-server" />
      <deployment>
        <artifact name="Equipment:war exploded">
          <settings>
            <option name="CONTEXT_PATH" value="/Equipment" />
          </settings>
        </artifact>
      </deployment>
      <server-settings>
        <option name="BASE_DIRECTORY_NAME" value="8ceb860b-0526-4aaf-8b33-e647644b2e66" />
      </server-settings>
      <predefined_log_file enabled="true" id="Tomcat" />
      <predefined_log_file enabled="true" id="Tomcat Catalina" />
      <predefined_log_file id="Tomcat Manager" />
      <predefined_log_file id="Tomcat Host Manager" />
      <predefined_log_file id="Tomcat Localhost Access" />
      <RunnerSettings RunnerId="Debug">
        <option name="DEBUG_PORT" value="12640" />
      </RunnerSettings>
      <ConfigurationWrapper VM_VAR="JAVA_OPTS" RunnerId="Cover">
        <option name="USE_ENV_VARIABLES" value="true" />
        <STARTUP>
          <option name="USE_DEFAULT" value="true" />
          <option name="SCRIPT" value="" />
          <option name="VM_PARAMETERS" value="" />
          <option name="PROGRAM_PARAMETERS" value="" />
        </STARTUP>
        <SHUTDOWN>
          <option name="USE_DEFAULT" value="true" />
          <option name="SCRIPT" value="" />
          <option name="VM_PARAMETERS" value="" />
          <option name="PROGRAM_PARAMETERS" value="" />
        </SHUTDOWN>
      </ConfigurationWrapper>
      <ConfigurationWrapper VM_VAR="JAVA_OPTS" RunnerId="Debug">
        <option name="USE_ENV_VARIABLES" value="true" />
        <STARTUP>
          <option name="USE_DEFAULT" value="true" />
          <option name="SCRIPT" value="" />
          <option name="VM_PARAMETERS" value="" />
          <option name="PROGRAM_PARAMETERS" value="" />
        </STARTUP>
        <SHUTDOWN>
          <option name="USE_DEFAULT" value="true" />
          <option name="SCRIPT" value="" />
          <option name="VM_PARAMETERS" value="" />
          <option name="PROGRAM_PARAMETERS" value="" />
        </SHUTDOWN>
      </ConfigurationWrapper>
      <ConfigurationWrapper VM_VAR="JAVA_OPTS" RunnerId="Profile">
        <option name="USE_ENV_VARIABLES" value="true" />
        <STARTUP>
          <option name="USE_DEFAULT" value="true" />
          <option name="SCRIPT" value="" />
          <option name="VM_PARAMETERS" value="" />
          <option name="PROGRAM_PARAMETERS" value="" />
        </STARTUP>
        <SHUTDOWN>
          <option name="USE_DEFAULT" value="true" />
          <option name="SCRIPT" value="" />
          <option name="VM_PARAMETERS" value="" />
          <option name="PROGRAM_PARAMETERS" value="" />
        </SHUTDOWN>
      </ConfigurationWrapper>
      <ConfigurationWrapper VM_VAR="JAVA_OPTS" RunnerId="Run">
        <option name="USE_ENV_VARIABLES" value="true" />
        <STARTUP>
          <option name="USE_DEFAULT" value="true" />
          <option name="SCRIPT" value="" />
          <option name="VM_PARAMETERS" value="" />
          <option name="PROGRAM_PARAMETERS" value="" />
        </STARTUP>
        <SHUTDOWN>
          <option name="USE_DEFAULT" value="true" />
          <option name="SCRIPT" value="" />
          <option name="VM_PARAMETERS" value="" />
          <option name="PROGRAM_PARAMETERS" value="" />
        </SHUTDOWN>
      </ConfigurationWrapper>
      <method v="2">
        <option name="Make" enabled="true" />
        <option name="BuildArtifacts" enabled="true">
          <artifact name="Equipment:war exploded" />
        </option>
      </method>
    </configuration>
  </component>
  <component name="SpellCheckerSettings" RuntimeDictionaries="0" Folders="0" CustomDictionaries="0" DefaultDictionary="application-level" UseSingleDictionary="true" transferred="true" />
  <component name="TaskManager">
    <task active="true" id="Default" summary="Default task">
      <changelist id="ffd14b4a-f07c-41b1-a451-a30df6e8928b" name="Default Changelist" comment="" />
      <created>1684649712053</created>
      <option name="number" value="Default" />
      <option name="presentableId" value="Default" />
      <updated>1684649712053</updated>
      <workItem from="1684649713242" duration="273000" />
      <workItem from="1684649998550" duration="451000" />
      <workItem from="1691764177610" duration="2679000" />
    </task>
    <servers />
  </component>
  <component name="TypeScriptGeneratedFilesManager">
    <option name="version" value="3" />
  </component>
</project>